id,scanner,title,severity,cvss_score,owasp,description,remediation,url,timestamp
ba9b78c7-376f-48b7-bbb1-8d0d4c0200de,rate_limit,No rate-limit headers observed on SPA,info,0.0,A07:2021-Identification and Authentication Failures,Sent 8 GET requests; no X-RateLimit-* or 429 observed. Status distribution: {200: 8}. Latency p50=210ms.,Document rate limits at CDN/WAF/Supabase Auth layer; expose Retry-After on throttled endpoints.,https://app.vectracargo.com.br/,2026-08-20T02:15:01.862217+00:00
6305a6f5-9e61-4613-b57d-5f9f082958ad,cors,CORS wildcard on Edge Function,medium,5.5,A05:2021-Security Misconfiguration,GET https://lrbtbrpoklgwaaclbufz.supabase.co/functions/v1/calculate-freight Origin=https://evil.com → ACAO=* ACAC=,Use strict origin allowlist; never reflect arbitrary origins with credentials. Prefer Vary: Origin without wildcard fallback.,https://lrbtbrpoklgwaaclbufz.supabase.co/functions/v1/calculate-freight,2026-08-20T02:15:05.288283+00:00
5e050f3e-a0d1-44ec-92da-d4559b9ab237,cors,CORS wildcard on Edge Function,medium,5.5,A05:2021-Security Misconfiguration,OPTIONS https://lrbtbrpoklgwaaclbufz.supabase.co/functions/v1/calculate-freight Origin=https://evil.com → ACAO=* ACAC=,Use strict origin allowlist; never reflect arbitrary origins with credentials. Prefer Vary: Origin without wildcard fallback.,https://lrbtbrpoklgwaaclbufz.supabase.co/functions/v1/calculate-freight,2026-08-20T02:15:05.537149+00:00
7c05ce2e-874b-4901-93a3-bbcd82a5e7fe,cors,CORS wildcard on Edge Function,medium,5.5,A05:2021-Security Misconfiguration,GET https://lrbtbrpoklgwaaclbufz.supabase.co/functions/v1/calculate-freight Origin=https://attacker.com → ACAO=* ACAC=,Use strict origin allowlist; never reflect arbitrary origins with credentials. Prefer Vary: Origin without wildcard fallback.,https://lrbtbrpoklgwaaclbufz.supabase.co/functions/v1/calculate-freight,2026-08-20T02:15:05.744629+00:00
eaad2e11-59db-4161-9ca7-e9d46323613f,cors,CORS wildcard on Edge Function,medium,5.5,A05:2021-Security Misconfiguration,OPTIONS https://lrbtbrpoklgwaaclbufz.supabase.co/functions/v1/calculate-freight Origin=https://attacker.com → ACAO=* ACAC=,Use strict origin allowlist; never reflect arbitrary origins with credentials. Prefer Vary: Origin without wildcard fallback.,https://lrbtbrpoklgwaaclbufz.supabase.co/functions/v1/calculate-freight,2026-08-20T02:15:05.917027+00:00
639331cc-fb50-4792-ad11-6d7f0df423b7,cors,CORS wildcard on Edge Function,medium,5.5,A05:2021-Security Misconfiguration,GET https://lrbtbrpoklgwaaclbufz.supabase.co/functions/v1/feira-save-quote Origin=https://evil.com → ACAO=* ACAC=,Use strict origin allowlist; never reflect arbitrary origins with credentials. Prefer Vary: Origin without wildcard fallback.,https://lrbtbrpoklgwaaclbufz.supabase.co/functions/v1/feira-save-quote,2026-08-20T02:15:06.674057+00:00
192a689f-fec2-4618-821d-526cac36f27c,cors,CORS wildcard on Edge Function,medium,5.5,A05:2021-Security Misconfiguration,OPTIONS https://lrbtbrpoklgwaaclbufz.supabase.co/functions/v1/feira-save-quote Origin=https://evil.com → ACAO=* ACAC=,Use strict origin allowlist; never reflect arbitrary origins with credentials. Prefer Vary: Origin without wildcard fallback.,https://lrbtbrpoklgwaaclbufz.supabase.co/functions/v1/feira-save-quote,2026-08-20T02:15:06.869637+00:00
03895328-0d52-404f-a6c3-e9dc60314f0a,cors,CORS wildcard on Edge Function,medium,5.5,A05:2021-Security Misconfiguration,GET https://lrbtbrpoklgwaaclbufz.supabase.co/functions/v1/feira-save-quote Origin=https://attacker.com → ACAO=* ACAC=,Use strict origin allowlist; never reflect arbitrary origins with credentials. Prefer Vary: Origin without wildcard fallback.,https://lrbtbrpoklgwaaclbufz.supabase.co/functions/v1/feira-save-quote,2026-08-20T02:15:07.062563+00:00
4557c44e-1a7c-4999-84ea-0370142a522f,cors,CORS wildcard on Edge Function,medium,5.5,A05:2021-Security Misconfiguration,OPTIONS https://lrbtbrpoklgwaaclbufz.supabase.co/functions/v1/feira-save-quote Origin=https://attacker.com → ACAO=* ACAC=,Use strict origin allowlist; never reflect arbitrary origins with credentials. Prefer Vary: Origin without wildcard fallback.,https://lrbtbrpoklgwaaclbufz.supabase.co/functions/v1/feira-save-quote,2026-08-20T02:15:07.278966+00:00
d6aa1de7-ecb1-4860-a8be-d6ff2edc43ca,cors,CORS wildcard on Edge Function,medium,5.5,A05:2021-Security Misconfiguration,GET https://lrbtbrpoklgwaaclbufz.supabase.co/functions/v1/lookup-cep Origin=https://evil.com → ACAO=* ACAC=,Use strict origin allowlist; never reflect arbitrary origins with credentials. Prefer Vary: Origin without wildcard fallback.,https://lrbtbrpoklgwaaclbufz.supabase.co/functions/v1/lookup-cep,2026-08-20T02:15:07.959784+00:00
468cc4a5-65b1-4064-b120-cf3b4d1978f7,cors,CORS wildcard on Edge Function,medium,5.5,A05:2021-Security Misconfiguration,OPTIONS https://lrbtbrpoklgwaaclbufz.supabase.co/functions/v1/lookup-cep Origin=https://evil.com → ACAO=* ACAC=,Use strict origin allowlist; never reflect arbitrary origins with credentials. Prefer Vary: Origin without wildcard fallback.,https://lrbtbrpoklgwaaclbufz.supabase.co/functions/v1/lookup-cep,2026-08-20T02:15:08.154792+00:00
201487b8-0f68-498c-bb0c-8a99eadc0cfd,cors,CORS wildcard on Edge Function,medium,5.5,A05:2021-Security Misconfiguration,GET https://lrbtbrpoklgwaaclbufz.supabase.co/functions/v1/lookup-cep Origin=https://attacker.com → ACAO=* ACAC=,Use strict origin allowlist; never reflect arbitrary origins with credentials. Prefer Vary: Origin without wildcard fallback.,https://lrbtbrpoklgwaaclbufz.supabase.co/functions/v1/lookup-cep,2026-08-20T02:15:08.378767+00:00
475312ad-24f3-4fc3-b3b6-d4a1d9b9df93,cors,CORS wildcard on Edge Function,medium,5.5,A05:2021-Security Misconfiguration,OPTIONS https://lrbtbrpoklgwaaclbufz.supabase.co/functions/v1/lookup-cep Origin=https://attacker.com → ACAO=* ACAC=,Use strict origin allowlist; never reflect arbitrary origins with credentials. Prefer Vary: Origin without wildcard fallback.,https://lrbtbrpoklgwaaclbufz.supabase.co/functions/v1/lookup-cep,2026-08-20T02:15:08.569263+00:00
dd8a545c-2793-4c6c-9783-8f77a673aef8,pii_leak,No sensitive patterns in scanned public paths,info,0.0,A01:2021-Broken Access Control;A02:2021-Cryptographic Failures,Passive regex scan on configured paths.,Extend scan with authenticated endpoints via --token.,,2026-08-20T02:15:10.472231+00:00
0ad893b3-3c59-4329-8f71-a1d310ae43c0,user_enum,No obvious user enumeration signals,info,0.0,A07:2021-Identification and Authentication Failures,Compared login/recover responses (limited passive sample).,Configure existing_email in preset for deeper login compare.,,2026-08-20T02:15:10.763437+00:00
a517f9db-7b48-4331-8b91-151754a90dca,clickjacking,Missing clickjacking protection headers,medium,5.5,A05:2021-Security Misconfiguration,No X-Frame-Options or CSP frame-ancestors on https://app.vectracargo.com.br. PoC saved to C:\Users\marce\vectra-hub\tools\security-audit\poc\clickjacking_poc.html,Set X-Frame-Options: DENY or CSP frame-ancestors 'self'; configure in Cloudflare _headers.,https://app.vectracargo.com.br,2026-08-20T02:15:11.092224+00:00
859934d4-4826-4877-810d-35531d9e2e90,clickjacking,Missing clickjacking protection headers,medium,5.5,A05:2021-Security Misconfiguration,No X-Frame-Options or CSP frame-ancestors on https://app.feira.vectracargo.com.br. PoC saved to C:\Users\marce\vectra-hub\tools\security-audit\poc\clickjacking_poc.html,Set X-Frame-Options: DENY or CSP frame-ancestors 'self'; configure in Cloudflare _headers.,https://app.feira.vectracargo.com.br,2026-08-20T02:15:11.284163+00:00
